<?xml version="1.0" encoding="utf-8"?>
<extension type="component" version="3.1.1" method="upgrade">
    <name>com_formmenu</name>
    <creationDate>2014-02-04</creationDate>
    <copyright>Copyright (C) 2014. All rights reserved.</copyright>
    <license>GNU General Public License version 2 or later; see LICENSE.txt</license>
    <author>Richard</author>
    <authorEmail>ThreadOfEthAriadne@gmail.com</authorEmail>
    <authorUrl></authorUrl>
    <version>1.0.0</version>
    <description>Allows for research transcript inputs</description>
    
    <install> <!-- Runs on install -->
        <sql>
            <file driver="mysql" charset="utf8">sql/install.mysql.utf8.sql</file>
        </sql>
    </install>
    <uninstall> <!-- Runs on uninstall -->
        <sql>
            <file driver="mysql" charset="utf8">sql/uninstall.mysql.utf8.sql</file>
        </sql>
    </uninstall>

    <files folder="site">
        <filename>index.html</filename>
        <filename>formmenu.php</filename>
        <filename>controller.php</filename>
        <filename>router.php</filename>
        <folder>views</folder>
        <folder>models</folder>
        <folder>controllers</folder>
        <folder>helpers</folder>
    </files>
    <languages folder="site">
        
			<language tag="en-GB">language/en-GB.com_formmenu.ini</language>
			<language tag="en-US">language/en-US.com_formmenu.ini</language>
    </languages>
    <administration>
        <menu img="components/com_formmenu/assets/images/s_com_formmenu.png" >COM_FORMMENU</menu>
        <submenu>
            
			<menu link="option=com_formmenu&amp;view=recordss" view="recordss" img="components/com_formmenu/assets/images/s_recordss.png" alt="Formmenu/Recordss">COM_FORMMENU_TITLE_RECORDSS</menu>

        </submenu>
        <files folder="administrator">
            <filename>access.xml</filename>
            <filename>config.xml</filename>
            <filename>controller.php</filename>
            <filename>index.html</filename>
            <filename>formmenu.php</filename>
            <folder>controllers</folder>
            <folder>assets</folder>
            <folder>helpers</folder>
            <folder>models</folder>
            <folder>sql</folder>
            <folder>tables</folder>
            <folder>views</folder>
        </files>
        <languages folder="administrator">
            
			<language tag="en-GB">language/en-GB.com_formmenu.ini</language>
			<language tag="en-GB">language/en-GB.com_formmenu.sys.ini</language>
			<language tag="en-US">language/en-US.com_formmenu.ini</language>
			<language tag="en-US">language/en-US.com_formmenu.sys.ini</language>
        </languages>
    </administration>
</extension>
<!-- Component built by the Joomla Component Creator -->
<!-- http://www.notwebdesign.com/joomla-component-creator/ -->
